Skill,Freq,Trend_Slope,Recency_Weight,Upcoming_Flag,Is_Taught_MSRIT,Taught_Elsewhere_Count,Demand_Score,Label_MSRIT,Recommendation_Prob_MSRIT
generative ai,15,-8.999999999999996,0.8,1,0,0,3.540000000000001,1,0.9196624951964972
power bi,14,-2.0,0.3571428571428571,0,0,0,5.107142857142858,1,0.8849017529988434
ci/cd,10,-0.7692307692307693,0.25,0,0,0,3.8442307692307693,1,0.8761558418292438
docker,14,0.0,0.25,0,0,0,5.675000000000001,1,0.835185844993108
tensorflow,22,7.999999999999998,0.4204545454545454,0,0,0,11.326136363636364,1,0.8338983251477436
golang,22,-2.499999999999999,0.6931818181818182,0,0,0,8.257954545454545,1,0.8040788170698789
python,36,-2.5,0.3263888888888889,0,0,0,13.747916666666667,1,0.7822213984071172
terraform,17,-0.2999999999999998,0.6029411764705882,1,0,0,6.890882352941177,1,0.775452456089656
react,24,-3.3999999999999995,0.4479166666666667,0,0,0,8.714375000000002,1,0.7733408750825141
node.js,12,0.0,0.25,0,0,0,4.875000000000001,1,0.757590386828333
kubernetes,45,1.6999999999999995,0.6722222222222223,1,0,1,18.711666666666666,1,0.7336452397531703
linux,11,0.0,0.0,0,0,0,4.4,1,0.6910749704574249
llm,15,-6.999999999999998,0.8166666666666667,1,0,0,4.1450000000000005,1,0.6885061511137585
css,11,-3.0,0.0909090909090909,0,0,0,3.527272727272728,1,0.6691701848721074
next.js,10,0.5000000000000001,0.725,1,0,0,4.367500000000001,1,0.618011942450458
typescript,9,-0.9999999999999998,0.6111111111111112,0,0,0,3.4833333333333334,1,0.6154094634060652
multi-cloud,11,-3.0,0.8409090909090909,1,0,1,3.752272727272728,1,0.5470885957519122
distributed systems,17,1.4230769230769231,0.7647058823529411,1,0,3,7.45633484162896,1,0.5112214100866761
mlops,14,-2.499999999999999,0.6607142857142857,1,0,4,5.048214285714287,1,0.43258102740763127
microservices,28,0.4000000000000001,0.5357142857142857,0,0,3,11.480714285714287,1,0.25768249252680314
networking,8,0.0,0.0,0,0,0,3.2,1,0.15255953979724216
zero trust architecture,1,0.0,1.0,1,0,1,0.7,0,0.04204339608985153
html,7,0.0,0.0,0,0,0,2.8000000000000003,0,0.03667397663217984
tableau,6,0.0,0.0,0,0,0,2.4000000000000004,0,0.03481572266990675
scikit-learn,6,0.0,0.0,0,0,0,2.4000000000000004,0,0.033353816418338386
excel,6,0.0,0.0,0,0,0,2.4000000000000004,0,0.030187956305615087
spring boot,6,0.0,0.0,0,0,0,2.4000000000000004,0,0.030187956305615087
oauth2,1,0.0,0.25,0,0,0,0.47500000000000003,0,0.026789275340820762
jwt authentication,1,0.0,0.25,0,0,0,0.47500000000000003,0,0.026789275340820762
grpc,1,0.0,0.25,0,0,0,0.47500000000000003,0,0.021463303871550498
siem tools,1,0.0,0.25,1,0,0,0.47500000000000003,0,0.018367127280379984
ci/cd pipelines,1,0.0,0.25,0,0,0,0.47500000000000003,0,0.01698980431563952
api gateway,1,0.0,0.25,0,0,0,0.47500000000000003,0,0.01698980431563952
vulnerability scanning,1,0.0,0.25,0,0,0,0.47500000000000003,0,0.01698980431563952
vpc configuration,1,0.0,0.0,0,0,0,0.4,0,0.01643974931013897
aws ec2,1,0.0,0.0,0,0,0,0.4,0,0.01643974931013897
multithreading,1,0.0,0.0,0,0,0,0.4,0,0.01643974931013897
github actions,1,0.0,0.25,0,0,0,0.47500000000000003,0,0.016287736877036222
infrastructure as code,1,0.0,0.5,1,0,0,0.55,0,0.013853461512614362
model drift detection,1,0.0,1.0,1,0,0,0.7,0,0.013657650537964782
observability,1,0.0,1.0,1,0,0,0.7,0,0.013657650537964782
llm fine-tuning,1,0.0,1.0,1,0,0,0.7,0,0.013657650537964782
security auditing,1,0.0,0.25,0,0,0,0.47500000000000003,0,0.013551017083020658
react query,1,0.0,0.25,0,0,0,0.47500000000000003,0,0.013551017083020658
load balancing,1,0.0,0.0,0,0,0,0.4,0,0.013186011884766207
statistics,4,0.0,0.0,0,0,0,1.6,0,0.013186011884766207
feature stores,1,0.0,0.5,1,0,0,0.55,0,0.012129544429971691
shell scripting,3,0.0,0.0,0,0,0,1.2000000000000002,0,0.011916506874413613
sql window functions,1,0.0,0.0,0,0,0,0.4,0,0.011916506874413613
multi-cloud strategy,1,0.0,0.75,1,0,0,0.625,0,0.011754373306857835
retrieval augmented generation (rag),1,0.0,1.0,1,0,0,0.7,0,0.011368970594448387
cloud cost optimization,1,0.0,0.75,1,0,0,0.625,0,0.010829643019167789
gitops,1,0.0,0.75,1,0,0,0.625,0,0.010476150402602673
prompt engineering,1,0.0,0.75,1,0,0,0.625,0,0.010476150402602673
server components,1,0.0,0.75,1,0,0,0.625,0,0.010476150402602673
service mesh (istio),1,0.0,0.75,1,0,0,0.625,0,0.010476150402602673
llm apis,1,0.0,0.75,1,0,0,0.625,0,0.010345506528486268
lighthouse audits,1,0.0,0.75,0,0,0,0.625,0,0.01011019466099247
disaster recovery planning,1,0.0,0.75,0,0,0,0.625,0,0.01011019466099247
helm charts,1,0.0,0.75,0,0,0,0.625,0,0.009096350566662907
model monitoring,1,0.0,0.5,1,0,0,0.55,0,0.008099464292913342
shap,1,0.0,0.5,1,0,0,0.55,0,0.008099464292913342
canary deployment,1,0.0,1.0,0,0,0,0.7,0,0.008042779138091477
time series forecasting,1,0.0,0.5,0,0,0,0.55,0,0.007940961936663521
message queues,1,0.0,0.5,0,0,0,0.55,0,0.0072547280463855415
circuit breaker pattern,1,0.0,0.5,0,0,0,0.55,0,0.0072547280463855415
hyperparameter tuning,1,0.0,0.5,0,0,0,0.55,0,0.0072547280463855415
event-driven architecture,1,0.0,0.5,0,0,0,0.55,0,0.0072547280463855415
auto scaling,1,0.0,0.5,0,0,0,0.55,0,0.005602660461940681
web performance optimization,1,0.0,0.75,0,0,0,0.625,0,0.00540900765241284
api rate limiting,1,0.0,1.0,0,0,0,0.7,0,0.0053579305356973375
blue-green deployment,1,0.0,1.0,0,0,0,0.7,0,0.004918471143389512
threat intelligence,1,0.0,1.0,0,0,0,0.7,0,0.004918471143389512
background job processing,1,0.0,1.0,0,0,0,0.7,0,0.004563552444714953
data structures,4,0.0,0.0,0,0,0,1.6,0,0.00434878472560752
kpi tracking,1,0.0,0.0,0,0,0,0.4,0,0.00434878472560752
redis caching,1,0.0,0.0,0,0,0,0.4,0,0.00434878472560752
sql optimization,1,0.0,0.0,0,0,0,0.4,0,0.00434878472560752
vector embeddings,1,0.0,0.75,1,0,0,0.625,0,0.004316018335938622
sre practices,1,0.0,1.0,1,0,0,0.7,0,0.0006637168141592924
